ville,annee,mois,t_max,t_min,amplitude
Atakpamé,2013,1,34.0,23.0,11.0
Atakpamé,2013,2,36.0,23.0,13.0
Atakpamé,2013,3,34.0,23.0,11.0
Atakpamé,2013,4,32.0,22.0,10.0
Atakpamé,2013,5,31.0,22.0,9.0
Atakpamé,2013,6,30.0,21.0,9.0
Atakpamé,2013,7,29.0,20.0,9.0
Atakpamé,2013,8,30.0,21.0,9.0
Atakpamé,2013,9,30.0,21.0,9.0
Atakpamé,2013,10,32.0,21.0,11.0
Atakpamé,2013,11,34.0,22.0,12.0
Atakpamé,2013,12,34.0,22.0,12.0
Atakpamé,2014,1,35.0,22.0,13.0
Atakpamé,2014,2,35.0,23.0,12.0
Atakpamé,2014,3,34.0,22.0,12.0
Atakpamé,2014,4,34.0,23.0,11.0
Atakpamé,2014,5,32.0,23.0,9.0
Atakpamé,2014,6,31.0,22.0,9.0
Atakpamé,2014,7,30.0,21.0,9.0
Atakpamé,2014,8,28.0,21.0,7.0
Atakpamé,2014,9,30.0,21.0,9.0
Atakpamé,2014,10,32.0,21.0,11.0
Atakpamé,2014,11,33.0,22.0,11.0
Atakpamé,2014,12,34.0,22.0,12.0
Atakpamé,2015,1,33.0,22.0,11.0
Atakpamé,2015,2,36.0,23.0,13.0
Atakpamé,2015,3,34.0,23.0,11.0
Atakpamé,2015,4,33.0,23.0,10.0
Atakpamé,2015,5,33.0,23.0,10.0
Atakpamé,2015,6,31.0,21.0,10.0
Atakpamé,2015,7,30.0,21.0,9.0
Atakpamé,2015,8,29.0,21.0,8.0
Atakpamé,2015,9,30.0,21.0,9.0
Atakpamé,2015,10,31.0,22.0,9.0
Atakpamé,2015,11,33.0,22.0,11.0
Atakpamé,2015,12,33.0,22.0,11.0
Atakpamé,2016,1,34.0,23.0,11.0
Atakpamé,2016,2,36.0,24.0,12.0
Atakpamé,2016,3,36.0,23.0,13.0
Atakpamé,2016,4,34.0,23.0,11.0
Atakpamé,2016,5,33.0,24.0,9.0
Atakpamé,2016,6,30.0,22.0,8.0
Atakpamé,2016,7,29.0,22.0,7.0
Atakpamé,2016,8,29.0,22.0,7.0
Atakpamé,2016,9,30.0,22.0,8.0
Atakpamé,2016,10,31.0,22.0,9.0
Atakpamé,2016,11,34.0,23.0,11.0
Atakpamé,2016,12,34.0,27.0,7.0
Atakpamé,2017,1,34.0,23.0,11.0
Atakpamé,2017,2,36.0,24.0,12.0
Atakpamé,2017,3,36.0,24.0,12.0
Atakpamé,2017,4,34.0,23.0,11.0
Atakpamé,2017,5,33.0,23.0,10.0
Atakpamé,2017,6,31.0,22.0,9.0
Atakpamé,2017,7,29.0,22.0,7.0
Atakpamé,2017,8,28.0,21.0,7.0
Atakpamé,2017,9,29.0,21.0,8.0
Atakpamé,2017,10,32.0,22.0,10.0
Atakpamé,2017,11,34.0,22.0,12.0
Atakpamé,2017,12,34.0,23.0,11.0
Atakpamé,2018,1,33.0,23.0,10.0
Atakpamé,2018,2,35.0,24.0,11.0
Atakpamé,2018,3,34.0,23.0,11.0
Atakpamé,2018,4,33.0,23.0,10.0
Atakpamé,2018,5,32.0,22.0,10.0
Atakpamé,2018,6,30.0,22.0,8.0
Atakpamé,2018,7,29.0,22.0,7.0
Atakpamé,2018,8,29.0,21.0,8.0
Atakpamé,2018,9,30.0,22.0,8.0
Atakpamé,2018,10,31.0,22.0,9.0
Atakpamé,2018,11,33.0,23.0,10.0
Atakpamé,2018,12,33.0,23.0,10.0
Atakpamé,2019,1,35.0,23.0,12.0
Atakpamé,2019,2,36.0,24.0,12.0
Atakpamé,2019,3,35.0,24.0,11.0
Atakpamé,2019,4,34.0,23.0,11.0
Atakpamé,2019,5,32.0,23.0,9.0
Atakpamé,2019,6,31.0,22.0,9.0
Atakpamé,2019,7,30.0,23.0,7.0
Atakpamé,2019,8,29.0,21.0,8.0
Atakpamé,2019,9,30.0,22.0,8.0
Atakpamé,2019,10,30.0,22.0,8.0
Atakpamé,2019,11,33.0,23.0,10.0
Atakpamé,2019,12,34.0,23.0,11.0
Dapaong,2013,1,34.0,21.0,13.0
Dapaong,2013,2,34.0,24.0,10.0
Dapaong,2013,3,39.0,26.0,13.0
Dapaong,2013,4,36.0,25.0,11.0
Dapaong,2013,5,35.0,24.0,11.0
Dapaong,2013,6,32.0,23.0,9.0
Dapaong,2013,7,30.0,22.0,8.0
Dapaong,2013,8,29.0,21.0,8.0
Dapaong,2013,9,30.0,21.0,9.0
Dapaong,2013,10,34.0,22.0,12.0
Dapaong,2013,11,37.0,23.0,14.0
Dapaong,2013,12,34.0,21.0,13.0
Dapaong,2014,1,35.0,22.0,13.0
Dapaong,2014,2,37.0,24.0,13.0
Dapaong,2014,3,38.0,25.0,13.0
Dapaong,2014,4,37.0,25.0,12.0
Dapaong,2014,5,35.0,25.0,10.0
Dapaong,2014,6,33.0,23.0,10.0
Dapaong,2014,7,31.0,23.0,8.0
Dapaong,2014,8,30.0,22.0,8.0
Dapaong,2014,9,30.0,21.0,9.0
Dapaong,2014,10,33.0,22.0,11.0
Dapaong,2014,11,36.0,23.0,13.0
Dapaong,2014,12,35.0,21.0,14.0
Dapaong,2015,1,33.0,19.0,14.0
Dapaong,2015,2,38.0,24.0,14.0
Dapaong,2015,3,38.0,26.0,12.0
Dapaong,2015,4,39.0,27.0,12.0
Dapaong,2015,5,38.0,26.0,12.0
Dapaong,2015,6,34.0,24.0,10.0
Dapaong,2015,7,32.0,23.0,9.0
Dapaong,2015,8,30.0,22.0,8.0
Dapaong,2015,9,31.0,22.0,9.0
Dapaong,2015,10,33.0,23.0,10.0
Dapaong,2015,11,36.0,23.0,13.0
Dapaong,2015,12,32.0,19.0,13.0
Dapaong,2016,1,34.0,21.0,13.0
Dapaong,2016,2,36.0,23.0,13.0
Dapaong,2016,3,38.0,26.0,12.0
Dapaong,2016,4,38.0,27.0,11.0
Dapaong,2016,5,36.0,25.0,11.0
Dapaong,2016,6,32.0,24.0,8.0
Dapaong,2016,7,30.0,22.0,8.0
Dapaong,2016,8,30.0,22.0,8.0
Dapaong,2016,9,31.0,21.0,10.0
Dapaong,2016,10,34.0,23.0,11.0
Dapaong,2016,11,37.0,24.0,13.0
Dapaong,2016,12,37.0,23.0,14.0
Dapaong,2017,1,35.0,22.0,13.0
Dapaong,2017,2,37.0,23.0,14.0
Dapaong,2017,3,40.0,26.0,14.0
Dapaong,2017,4,39.0,26.0,13.0
Dapaong,2017,5,35.0,24.0,11.0
Dapaong,2017,6,32.0,23.0,9.0
Dapaong,2017,7,30.0,22.0,8.0
Dapaong,2017,8,30.0,22.0,8.0
Dapaong,2017,9,31.0,22.0,9.0
Dapaong,2017,10,34.0,22.0,12.0
Dapaong,2017,11,37.0,22.0,15.0
Dapaong,2017,12,35.0,22.0,13.0
Dapaong,2018,1,33.0,20.0,13.0
Dapaong,2018,2,37.0,24.0,13.0
Dapaong,2018,3,39.0,26.0,13.0
Dapaong,2018,4,39.0,27.0,12.0
Dapaong,2018,5,36.0,25.0,11.0
Dapaong,2018,6,32.0,23.0,9.0
Dapaong,2018,7,30.0,22.0,8.0
Dapaong,2018,8,30.0,22.0,8.0
Dapaong,2018,9,31.0,22.0,9.0
Dapaong,2018,10,34.0,22.0,12.0
Dapaong,2018,11,37.0,23.0,14.0
Dapaong,2018,12,34.0,21.0,13.0
Dapaong,2019,1,35.0,21.0,14.0
Dapaong,2019,2,36.0,23.0,13.0
Dapaong,2019,3,39.0,26.0,13.0
Dapaong,2019,4,39.0,27.0,12.0
Dapaong,2019,5,36.0,26.0,10.0
Dapaong,2019,6,33.0,23.0,10.0
Dapaong,2019,7,31.0,22.0,9.0
Dapaong,2019,8,30.0,22.0,8.0
Dapaong,2019,9,31.0,22.0,9.0
Dapaong,2019,10,32.0,22.0,10.0
Dapaong,2019,11,37.0,23.0,14.0
Dapaong,2019,12,35.0,21.0,14.0
Kara,2013,1,36.0,19.0,17.0
Kara,2013,2,38.0,21.0,17.0
Kara,2013,3,37.0,25.0,12.0
Kara,2013,4,36.0,24.0,12.0
Kara,2013,5,34.0,24.0,10.0
Kara,2013,6,32.0,22.0,10.0
Kara,2013,7,31.0,22.0,9.0
Kara,2013,8,30.0,22.0,8.0
Kara,2013,9,30.0,21.0,9.0
Kara,2013,10,33.0,21.0,12.0
Kara,2013,11,35.0,20.0,15.0
Kara,2013,12,35.0,18.0,17.0
Kara,2014,1,39.0,22.0,17.0
Kara,2014,2,37.0,22.0,15.0
Kara,2014,3,36.0,24.0,12.0
Kara,2014,4,35.0,24.0,11.0
Kara,2014,5,34.0,23.0,11.0
Kara,2014,6,33.0,23.0,10.0
Kara,2014,7,31.0,23.0,8.0
Kara,2014,8,29.0,22.0,7.0
Kara,2014,9,31.0,22.0,9.0
Kara,2014,10,33.0,22.0,11.0
Kara,2014,11,35.0,20.0,15.0
Kara,2014,12,39.0,19.0,20.0
Kara,2015,1,35.0,18.0,17.0
Kara,2015,2,38.0,24.0,14.0
Kara,2015,3,37.0,24.0,13.0
Kara,2015,4,38.0,25.0,13.0
Kara,2015,5,36.0,22.0,14.0
Kara,2015,6,34.0,23.0,11.0
Kara,2015,7,32.0,23.0,9.0
Kara,2015,8,30.0,22.0,8.0
Kara,2015,9,32.0,22.0,10.0
Kara,2015,10,33.0,22.0,11.0
Kara,2015,11,36.0,19.0,17.0
Kara,2015,12,34.0,18.0,16.0
Kara,2016,1,36.0,19.0,17.0
Kara,2016,2,38.0,21.0,17.0
Kara,2016,3,38.0,25.0,13.0
Kara,2016,4,36.0,24.0,12.0
Kara,2016,5,34.0,24.0,10.0
Kara,2016,6,32.0,23.0,9.0
Kara,2016,7,30.0,22.0,8.0
Kara,2016,8,30.0,23.0,7.0
Kara,2016,9,31.0,22.0,9.0
Kara,2016,10,34.0,22.0,12.0
Kara,2016,11,36.0,20.0,16.0
Kara,2016,12,36.0,20.0,16.0
Kara,2017,1,36.0,19.0,17.0
Kara,2017,2,38.0,22.0,16.0
Kara,2017,3,39.0,24.0,15.0
Kara,2017,4,37.0,25.0,12.0
Kara,2017,5,34.0,23.0,11.0
Kara,2017,6,32.0,22.0,10.0
Kara,2017,7,30.0,22.0,8.0
Kara,2017,8,27.0,22.0,5.0
Kara,2017,9,31.0,22.0,9.0
Kara,2017,10,34.0,21.0,13.0
Kara,2017,11,37.0,19.0,18.0
Kara,2017,12,36.0,19.0,17.0
Kara,2018,1,35.0,18.0,17.0
Kara,2018,2,38.0,22.0,16.0
Kara,2018,3,37.0,23.0,14.0
Kara,2018,4,36.0,24.0,12.0
Kara,2018,5,34.0,23.0,11.0
Kara,2018,6,32.0,22.0,10.0
Kara,2018,7,31.0,23.0,8.0
Kara,2018,8,30.0,21.0,9.0
Kara,2018,9,32.0,22.0,10.0
Kara,2018,10,34.0,22.0,12.0
Kara,2018,11,36.0,19.0,17.0
Kara,2018,12,35.0,19.0,16.0
Kara,2019,1,37.0,18.0,19.0
Kara,2019,2,38.0,21.0,17.0
Kara,2019,3,39.0,24.0,15.0
Kara,2019,4,38.0,25.0,13.0
Kara,2019,5,33.0,23.0,10.0
Kara,2019,6,32.0,22.0,10.0
Kara,2019,7,30.0,22.0,8.0
Kara,2019,8,30.0,20.0,10.0
Kara,2019,9,31.0,22.0,9.0
Kara,2019,10,32.0,22.0,10.0
Kara,2019,11,36.0,19.0,17.0
Kara,2019,12,36.0,18.0,18.0
Kouma konda,2013,1,32.0,21.0,11.0
Kouma konda,2013,2,33.0,21.0,12.0
Kouma konda,2013,3,31.0,22.0,9.0
Kouma konda,2013,4,30.0,21.0,9.0
Kouma konda,2013,5,29.0,21.0,8.0
Kouma konda,2013,6,28.0,20.0,8.0
Kouma konda,2013,7,26.0,20.0,6.0
Kouma konda,2013,8,26.0,19.0,7.0
Kouma konda,2013,9,28.0,20.0,8.0
Kouma konda,2013,10,29.0,20.0,9.0
Kouma konda,2013,11,30.0,20.0,10.0
Kouma konda,2013,12,31.0,20.0,11.0
Kouma konda,2014,1,31.0,21.0,10.0
Kouma konda,2014,2,32.0,21.0,11.0
Kouma konda,2014,3,32.0,21.0,11.0
Kouma konda,2014,4,31.0,21.0,10.0
Kouma konda,2014,5,29.0,21.0,8.0
Kouma konda,2014,6,28.0,20.0,8.0
Kouma konda,2014,7,26.0,20.0,6.0
Kouma konda,2014,8,25.0,19.0,6.0
Kouma konda,2014,9,26.0,20.0,6.0
Kouma konda,2014,10,28.0,20.0,8.0
Kouma konda,2014,11,29.0,20.0,9.0
Kouma konda,2014,12,30.0,20.0,10.0
Kouma konda,2015,1,31.0,20.0,11.0
Kouma konda,2015,2,31.0,21.0,10.0
Kouma konda,2015,3,31.0,21.0,10.0
Kouma konda,2015,4,30.0,21.0,9.0
Kouma konda,2015,5,30.0,21.0,9.0
Kouma konda,2015,6,28.0,20.0,8.0
Kouma konda,2015,7,27.0,19.0,8.0
Kouma konda,2015,8,27.0,20.0,7.0
Kouma konda,2015,9,27.0,20.0,7.0
Kouma konda,2015,10,29.0,20.0,9.0
Kouma konda,2015,11,30.0,21.0,9.0
Kouma konda,2015,12,31.0,21.0,10.0
Kouma konda,2016,1,32.0,21.0,11.0
Kouma konda,2016,2,34.0,22.0,12.0
Kouma konda,2016,3,32.0,22.0,10.0
Kouma konda,2016,4,31.0,22.0,9.0
Kouma konda,2016,5,29.0,22.0,7.0
Kouma konda,2016,6,27.0,20.0,7.0
Kouma konda,2016,7,26.0,20.0,6.0
Kouma konda,2016,8,26.0,20.0,6.0
Kouma konda,2016,9,27.0,20.0,7.0
Kouma konda,2016,10,29.0,20.0,9.0
Kouma konda,2016,11,30.0,21.0,9.0
Kouma konda,2016,12,31.0,21.0,10.0
Kouma konda,2017,1,32.0,21.0,11.0
Kouma konda,2017,2,32.0,22.0,10.0
Kouma konda,2017,3,32.0,22.0,10.0
Kouma konda,2017,4,30.0,22.0,8.0
Kouma konda,2017,5,30.0,21.0,9.0
Kouma konda,2017,6,28.0,21.0,7.0
Kouma konda,2017,7,26.0,20.0,6.0
Kouma konda,2017,8,26.0,20.0,6.0
Kouma konda,2017,9,27.0,20.0,7.0
Kouma konda,2017,10,29.0,21.0,8.0
Kouma konda,2017,11,29.0,21.0,8.0
Kouma konda,2017,12,30.0,21.0,9.0
Kouma konda,2018,1,31.0,21.0,10.0
Kouma konda,2018,2,33.0,21.0,12.0
Kouma konda,2018,3,31.0,21.0,10.0
Kouma konda,2018,4,30.0,21.0,9.0
Kouma konda,2018,5,29.0,21.0,8.0
Kouma konda,2018,6,27.0,21.0,6.0
Kouma konda,2018,7,26.0,21.0,5.0
Kouma konda,2018,8,25.0,20.0,5.0
Kouma konda,2018,9,26.0,20.0,6.0
Kouma konda,2018,10,27.0,20.0,7.0
Kouma konda,2018,11,29.0,21.0,8.0
Kouma konda,2018,12,30.0,21.0,9.0
Kouma konda,2019,1,31.0,21.0,10.0
Kouma konda,2019,2,31.0,22.0,9.0
Kouma konda,2019,3,31.0,22.0,9.0
Kouma konda,2019,4,30.0,22.0,8.0
Kouma konda,2019,5,29.0,21.0,8.0
Kouma konda,2019,6,27.0,22.0,5.0
Kouma konda,2019,7,26.0,20.0,6.0
Kouma konda,2019,8,26.0,20.0,6.0
Kouma konda,2019,9,26.0,20.0,6.0
Kouma konda,2019,10,26.0,21.0,5.0
Kouma konda,2019,11,29.0,21.0,8.0
Kouma konda,2019,12,31.0,21.0,10.0
Lomé,2013,1,34.0,24.0,10.0
Lomé,2013,2,33.0,26.0,7.0
Lomé,2013,3,34.0,26.0,8.0
Lomé,2013,4,34.0,25.0,9.0
Lomé,2013,5,32.0,25.0,7.0
Lomé,2013,6,31.0,24.0,7.0
Lomé,2013,7,30.0,24.0,6.0
Lomé,2013,8,31.0,23.0,8.0
Lomé,2013,9,30.0,24.0,6.0
Lomé,2013,10,32.0,24.0,8.0
Lomé,2013,11,33.0,25.0,8.0
Lomé,2013,12,33.0,25.0,8.0
Lomé,2014,1,33.0,25.0,8.0
Lomé,2014,2,38.0,24.0,14.0
Lomé,2014,3,34.0,25.0,9.0
Lomé,2014,4,34.0,25.0,9.0
Lomé,2014,5,33.0,25.0,8.0
Lomé,2014,6,31.0,24.0,7.0
Lomé,2014,7,30.0,24.0,6.0
Lomé,2014,8,29.0,23.0,6.0
Lomé,2014,9,30.0,24.0,6.0
Lomé,2014,10,32.0,24.0,8.0
Lomé,2014,11,34.0,25.0,9.0
Lomé,2014,12,34.0,25.0,9.0
Lomé,2015,1,33.0,23.0,10.0
Lomé,2015,2,34.0,26.0,8.0
Lomé,2015,3,34.0,26.0,8.0
Lomé,2015,4,34.0,26.0,8.0
Lomé,2015,5,34.0,26.0,8.0
Lomé,2015,6,31.0,24.0,7.0
Lomé,2015,7,30.0,24.0,6.0
Lomé,2015,8,30.0,24.0,6.0
Lomé,2015,9,30.0,24.0,6.0
Lomé,2015,10,32.0,25.0,7.0
Lomé,2015,11,33.0,25.0,8.0
Lomé,2015,12,34.0,23.0,11.0
Lomé,2016,1,34.0,24.0,10.0
Lomé,2016,2,33.0,27.0,6.0
Lomé,2016,3,33.0,26.0,7.0
Lomé,2016,4,33.0,26.0,7.0
Lomé,2016,5,32.0,26.0,6.0
Lomé,2016,6,30.0,24.0,6.0
Lomé,2016,7,30.0,24.0,6.0
Lomé,2016,8,30.0,24.0,6.0
Lomé,2016,9,31.0,24.0,7.0
Lomé,2016,10,32.0,25.0,7.0
Lomé,2016,11,33.0,26.0,7.0
Lomé,2016,12,34.0,27.0,7.0
Lomé,2017,1,33.0,25.0,8.0
Lomé,2017,2,34.0,26.0,8.0
Lomé,2017,3,34.0,27.0,7.0
Lomé,2017,4,34.0,26.0,8.0
Lomé,2017,5,33.0,25.0,8.0
Lomé,2017,6,31.0,24.0,7.0
Lomé,2017,7,29.0,24.0,5.0
Lomé,2017,8,29.0,23.0,6.0
Lomé,2017,9,30.0,24.0,6.0
Lomé,2017,10,32.0,25.0,7.0
Lomé,2017,11,33.0,25.0,8.0
Lomé,2017,12,33.0,25.0,8.0
Lomé,2018,1,33.0,24.0,9.0
Lomé,2018,2,33.0,26.0,7.0
Lomé,2018,3,33.0,24.0,9.0
Lomé,2018,4,33.0,26.0,7.0
Lomé,2018,5,33.0,25.0,8.0
Lomé,2018,6,31.0,24.0,7.0
Lomé,2018,7,30.0,24.0,6.0
Lomé,2018,8,30.0,24.0,6.0
Lomé,2018,9,31.0,24.0,7.0
Lomé,2018,10,32.0,24.0,8.0
Lomé,2018,11,34.0,25.0,9.0
Lomé,2018,12,34.0,25.0,9.0
Lomé,2019,1,34.0,25.0,9.0
Lomé,2019,2,34.0,27.0,7.0
Lomé,2019,3,34.0,26.0,8.0
Lomé,2019,4,34.0,27.0,7.0
Lomé,2019,5,32.0,25.0,7.0
Lomé,2019,6,31.0,25.0,6.0
Lomé,2019,7,30.0,24.0,6.0
Lomé,2019,8,30.0,24.0,6.0
Lomé,2019,9,31.0,24.0,7.0
Lomé,2019,10,31.0,24.0,7.0
Lomé,2019,11,33.0,25.0,8.0
Lomé,2019,12,34.0,25.0,9.0
Mango,2013,1,36.0,20.0,16.0
Mango,2013,2,39.0,22.0,17.0
Mango,2013,3,40.0,27.0,13.0
Mango,2013,4,37.0,25.0,12.0
Mango,2013,5,35.0,24.0,11.0
Mango,2013,6,33.0,23.0,10.0
Mango,2013,7,32.0,23.0,9.0
Mango,2013,8,31.0,23.0,8.0
Mango,2013,9,32.0,23.0,9.0
Mango,2013,10,35.0,23.0,12.0
Mango,2013,11,38.0,22.0,16.0
Mango,2013,12,36.0,19.0,17.0
Mango,2014,1,36.0,21.0,15.0
Mango,2014,2,38.0,23.0,15.0
Mango,2014,3,39.0,26.0,13.0
Mango,2014,4,37.0,26.0,11.0
Mango,2014,5,36.0,26.0,10.0
Mango,2014,6,35.0,24.0,11.0
Mango,2014,7,33.0,24.0,9.0
Mango,2014,8,31.0,23.0,8.0
Mango,2014,9,31.0,22.0,9.0
Mango,2014,10,35.0,23.0,12.0
Mango,2014,11,37.0,23.0,14.0
Mango,2014,12,36.0,20.0,16.0
Mango,2015,1,35.0,19.0,16.0
Mango,2015,2,38.0,23.0,15.0
Mango,2015,3,39.0,26.0,13.0
Mango,2015,4,39.0,26.0,13.0
Mango,2015,5,38.0,26.0,12.0
Mango,2015,6,35.0,25.0,10.0
Mango,2015,7,32.0,24.0,8.0
Mango,2015,8,31.0,23.0,8.0
Mango,2015,9,32.0,25.0,7.0
Mango,2015,10,34.0,23.0,11.0
Mango,2015,11,37.0,21.0,16.0
Mango,2015,12,34.0,19.0,15.0
Mango,2016,1,37.0,20.0,17.0
Mango,2016,2,38.0,23.0,15.0
Mango,2016,3,39.0,27.0,12.0
Mango,2016,4,39.0,27.0,12.0
Mango,2016,5,37.0,26.0,11.0
Mango,2016,6,34.0,25.0,9.0
Mango,2016,7,31.0,23.0,8.0
Mango,2016,8,31.0,24.0,7.0
Mango,2016,9,32.0,23.0,9.0
Mango,2016,10,36.0,24.0,12.0
Mango,2016,11,38.0,22.0,16.0
Mango,2016,12,37.0,21.0,16.0
Mango,2017,1,36.0,20.0,16.0
Mango,2017,2,38.0,23.0,15.0
Mango,2017,3,40.0,26.0,14.0
Mango,2017,4,39.0,27.0,12.0
Mango,2017,5,35.0,25.0,10.0
Mango,2017,6,33.0,24.0,9.0
Mango,2017,7,31.0,23.0,8.0
Mango,2017,8,31.0,23.0,8.0
Mango,2017,9,32.0,23.0,9.0
Mango,2017,10,36.0,22.0,14.0
Mango,2017,11,38.0,21.0,17.0
Mango,2017,12,36.0,21.0,15.0
Mango,2018,1,36.0,20.0,16.0
Mango,2018,2,39.0,25.0,14.0
Mango,2018,3,40.0,27.0,13.0
Mango,2018,4,40.0,28.0,12.0
Mango,2018,5,37.0,25.0,12.0
Mango,2018,6,32.0,24.0,8.0
Mango,2018,7,32.0,23.0,9.0
Mango,2018,8,31.0,23.0,8.0
Mango,2018,9,32.0,24.0,8.0
Mango,2018,10,35.0,23.0,12.0
Mango,2018,11,38.0,21.0,17.0
Mango,2018,12,37.0,20.0,17.0
Mango,2019,1,37.0,21.0,16.0
Mango,2019,2,36.0,21.0,15.0
Mango,2019,3,41.0,27.0,14.0
Mango,2019,4,40.0,28.0,12.0
Mango,2019,5,37.0,27.0,10.0
Mango,2019,6,34.0,25.0,9.0
Mango,2019,7,33.0,24.0,9.0
Mango,2019,8,32.0,24.0,8.0
Mango,2019,9,31.0,24.0,7.0
Mango,2019,10,34.0,23.0,11.0
Mango,2019,11,38.0,22.0,16.0
Mango,2019,12,37.0,19.0,18.0
Niamtougou,2013,1,34.0,19.0,15.0
Niamtougou,2013,2,36.0,21.0,15.0
Niamtougou,2013,3,36.0,23.0,13.0
Niamtougou,2013,4,34.0,22.0,12.0
Niamtougou,2013,5,32.0,21.0,11.0
Niamtougou,2013,6,30.0,21.0,9.0
Niamtougou,2013,7,29.0,21.0,8.0
Niamtougou,2013,8,28.0,20.0,8.0
Niamtougou,2013,9,29.0,20.0,9.0
Niamtougou,2013,10,32.0,20.0,12.0
Niamtougou,2013,11,34.0,19.0,15.0
Niamtougou,2013,12,34.0,17.0,17.0
Niamtougou,2014,1,34.0,19.0,15.0
Niamtougou,2014,2,36.0,21.0,15.0
Niamtougou,2014,3,36.0,23.0,13.0
Niamtougou,2014,4,34.0,22.0,12.0
Niamtougou,2014,5,33.0,22.0,11.0
Niamtougou,2014,6,31.0,21.0,10.0
Niamtougou,2014,7,29.0,21.0,8.0
Niamtougou,2014,8,28.0,20.0,8.0
Niamtougou,2014,9,30.0,20.0,10.0
Niamtougou,2014,10,32.0,21.0,11.0
Niamtougou,2014,11,33.0,20.0,13.0
Niamtougou,2014,12,35.0,18.0,17.0
Niamtougou,2015,1,33.0,18.0,15.0
Niamtougou,2015,2,36.0,21.0,15.0
Niamtougou,2015,3,35.0,23.0,12.0
Niamtougou,2015,4,36.0,23.0,13.0
Niamtougou,2015,5,34.0,23.0,11.0
Niamtougou,2015,6,32.0,22.0,10.0
Niamtougou,2015,7,30.0,21.0,9.0
Niamtougou,2015,8,29.0,21.0,8.0
Niamtougou,2015,9,30.0,21.0,9.0
Niamtougou,2015,10,33.0,21.0,12.0
Niamtougou,2015,11,34.0,19.0,15.0
Niamtougou,2015,12,32.0,18.0,14.0
Niamtougou,2016,1,33.0,19.0,14.0
Niamtougou,2016,2,36.0,21.0,15.0
Niamtougou,2016,3,38.0,23.0,15.0
Niamtougou,2016,4,34.0,23.0,11.0
Niamtougou,2016,5,33.0,23.0,10.0
Niamtougou,2016,6,31.0,21.0,10.0
Niamtougou,2016,7,29.0,21.0,8.0
Niamtougou,2016,8,29.0,21.0,8.0
Niamtougou,2016,9,30.0,20.0,10.0
Niamtougou,2016,10,33.0,21.0,12.0
Niamtougou,2016,11,35.0,19.0,16.0
Niamtougou,2016,12,35.0,19.0,16.0
Niamtougou,2017,1,35.0,19.0,16.0
Niamtougou,2017,2,36.0,21.0,15.0
Niamtougou,2017,3,38.0,22.0,16.0
Niamtougou,2017,4,35.0,23.0,12.0
Niamtougou,2017,5,32.0,21.0,11.0
Niamtougou,2017,6,30.0,21.0,9.0
Niamtougou,2017,7,29.0,20.0,9.0
Niamtougou,2017,8,28.0,20.0,8.0
Niamtougou,2017,9,30.0,20.0,10.0
Niamtougou,2017,10,33.0,21.0,12.0
Niamtougou,2017,11,35.0,19.0,16.0
Niamtougou,2017,12,33.0,19.0,14.0
Niamtougou,2018,1,33.0,19.0,14.0
Niamtougou,2018,2,36.0,22.0,14.0
Niamtougou,2018,3,36.0,23.0,13.0
Niamtougou,2018,4,35.0,23.0,12.0
Niamtougou,2018,5,33.0,23.0,10.0
Niamtougou,2018,6,30.0,22.0,8.0
Niamtougou,2018,7,29.0,21.0,8.0
Niamtougou,2018,8,29.0,21.0,8.0
Niamtougou,2018,9,30.0,21.0,9.0
Niamtougou,2018,10,32.0,22.0,10.0
Niamtougou,2018,11,34.0,20.0,14.0
Niamtougou,2018,12,34.0,18.0,16.0
Niamtougou,2019,1,35.0,20.0,15.0
Niamtougou,2019,2,36.0,22.0,14.0
Niamtougou,2019,3,38.0,24.0,14.0
Niamtougou,2019,4,36.0,25.0,11.0
Niamtougou,2019,5,33.0,23.0,10.0
Niamtougou,2019,6,31.0,23.0,8.0
Niamtougou,2019,7,29.0,22.0,7.0
Niamtougou,2019,8,28.0,22.0,6.0
Niamtougou,2019,9,30.0,21.0,9.0
Niamtougou,2019,10,30.0,21.0,9.0
Niamtougou,2019,11,34.0,20.0,14.0
Niamtougou,2019,12,35.0,20.0,15.0
Sokodé,2013,1,35.0,19.0,16.0
Sokodé,2013,2,38.0,21.0,17.0
Sokodé,2013,3,36.0,23.0,13.0
Sokodé,2013,4,34.0,22.0,12.0
Sokodé,2013,5,33.0,22.0,11.0
Sokodé,2013,6,32.0,21.0,11.0
Sokodé,2013,7,30.0,21.0,9.0
Sokodé,2013,8,29.0,21.0,8.0
Sokodé,2013,9,30.0,22.0,8.0
Sokodé,2013,10,33.0,21.0,12.0
Sokodé,2013,11,35.0,20.0,15.0
Sokodé,2013,12,35.0,19.0,16.0
Sokodé,2014,1,35.0,20.0,15.0
Sokodé,2014,2,36.0,21.0,15.0
Sokodé,2014,3,36.0,23.0,13.0
Sokodé,2014,4,35.0,23.0,12.0
Sokodé,2014,5,33.0,23.0,10.0
Sokodé,2014,6,33.0,23.0,10.0
Sokodé,2014,7,31.0,22.0,9.0
Sokodé,2014,8,29.0,21.0,8.0
Sokodé,2014,9,31.0,21.0,10.0
Sokodé,2014,10,33.0,22.0,11.0
Sokodé,2014,11,34.0,21.0,13.0
Sokodé,2014,12,35.0,19.0,16.0
Sokodé,2015,1,35.0,19.0,16.0
Sokodé,2015,2,37.0,22.0,15.0
Sokodé,2015,3,36.0,23.0,13.0
Sokodé,2015,4,37.0,23.0,14.0
Sokodé,2015,5,35.0,23.0,12.0
Sokodé,2015,6,31.0,22.0,9.0
Sokodé,2015,7,31.0,22.0,9.0
Sokodé,2015,8,29.0,22.0,7.0
Sokodé,2015,9,30.0,22.0,8.0
Sokodé,2015,10,32.0,22.0,10.0
Sokodé,2015,11,35.0,20.0,15.0
Sokodé,2015,12,33.0,20.0,13.0
Sokodé,2016,1,35.0,20.0,15.0
Sokodé,2016,2,37.0,22.0,15.0
Sokodé,2016,3,36.0,24.0,12.0
Sokodé,2016,4,34.0,24.0,10.0
Sokodé,2016,5,33.0,23.0,10.0
Sokodé,2016,6,31.0,22.0,9.0
Sokodé,2016,7,30.0,22.0,8.0
Sokodé,2016,8,29.0,22.0,7.0
Sokodé,2016,9,30.0,22.0,8.0
Sokodé,2016,10,33.0,22.0,11.0
Sokodé,2016,11,36.0,20.0,16.0
Sokodé,2016,12,35.0,20.0,15.0
Sokodé,2017,1,36.0,20.0,16.0
Sokodé,2017,2,34.0,20.0,14.0
Sokodé,2017,3,38.0,23.0,15.0
Sokodé,2017,4,35.0,24.0,11.0
Sokodé,2017,5,33.0,23.0,10.0
Sokodé,2017,6,31.0,22.0,9.0
Sokodé,2017,7,29.0,22.0,7.0
Sokodé,2017,8,29.0,21.0,8.0
Sokodé,2017,9,30.0,22.0,8.0
Sokodé,2017,10,34.0,21.0,13.0
Sokodé,2017,11,35.0,20.0,15.0
Sokodé,2017,12,35.0,19.0,16.0
Sokodé,2018,1,34.0,19.0,15.0
Sokodé,2018,2,37.0,22.0,15.0
Sokodé,2018,3,35.0,23.0,12.0
Sokodé,2018,4,35.0,23.0,12.0
Sokodé,2018,5,33.0,23.0,10.0
Sokodé,2018,6,31.0,22.0,9.0
Sokodé,2018,7,30.0,22.0,8.0
Sokodé,2018,8,29.0,22.0,7.0
Sokodé,2018,9,30.0,22.0,8.0
Sokodé,2018,10,32.0,22.0,10.0
Sokodé,2018,11,35.0,20.0,15.0
Sokodé,2018,12,35.0,19.0,16.0
Sokodé,2019,1,36.0,20.0,16.0
Sokodé,2019,2,37.0,23.0,14.0
Sokodé,2019,3,37.0,24.0,13.0
Sokodé,2019,4,35.0,24.0,11.0
Sokodé,2019,5,34.0,23.0,11.0
Sokodé,2019,6,31.0,22.0,9.0
Sokodé,2019,7,30.0,22.0,8.0
Sokodé,2019,8,29.0,22.0,7.0
Sokodé,2019,9,30.0,22.0,8.0
Sokodé,2019,10,31.0,22.0,9.0
Sokodé,2019,11,34.0,21.0,13.0
Sokodé,2019,12,35.0,18.0,17.0
Sotouboua,2013,1,35.0,18.0,17.0
Sotouboua,2013,2,36.0,21.0,15.0
Sotouboua,2013,3,36.0,23.0,13.0
Sotouboua,2013,4,34.0,23.0,11.0
Sotouboua,2013,5,34.0,23.0,11.0
Sotouboua,2013,6,32.0,22.0,10.0
Sotouboua,2013,7,30.0,22.0,8.0
Sotouboua,2013,8,29.0,22.0,7.0
Sotouboua,2013,9,29.0,22.0,7.0
Sotouboua,2013,10,32.0,22.0,10.0
Sotouboua,2013,11,34.0,22.0,12.0
Sotouboua,2013,12,35.0,18.0,17.0
Sotouboua,2014,1,35.0,20.0,15.0
Sotouboua,2014,2,36.0,20.0,16.0
Sotouboua,2014,3,36.0,22.0,14.0
Sotouboua,2014,4,35.0,23.0,12.0
Sotouboua,2014,5,33.0,23.0,10.0
Sotouboua,2014,6,33.0,23.0,10.0
Sotouboua,2014,7,31.0,22.0,9.0
Sotouboua,2014,8,29.0,21.0,8.0
Sotouboua,2014,9,30.0,22.0,8.0
Sotouboua,2014,10,32.0,22.0,10.0
Sotouboua,2014,11,34.0,21.0,13.0
Sotouboua,2014,12,35.0,18.0,17.0
Sotouboua,2015,1,34.0,16.0,18.0
Sotouboua,2015,2,36.0,21.0,15.0
Sotouboua,2015,3,37.0,22.0,15.0
Sotouboua,2015,4,35.0,23.0,12.0
Sotouboua,2015,5,34.0,22.0,12.0
Sotouboua,2015,6,30.0,22.0,8.0
Sotouboua,2015,7,31.0,22.0,9.0
Sotouboua,2015,8,30.0,22.0,8.0
Sotouboua,2015,9,31.0,22.0,9.0
Sotouboua,2015,10,32.0,22.0,10.0
Sotouboua,2015,11,35.0,20.0,15.0
Sotouboua,2015,12,33.0,17.0,16.0
Sotouboua,2016,1,36.0,19.0,17.0
Sotouboua,2016,2,36.0,19.0,17.0
Sotouboua,2016,3,36.0,22.0,14.0
Sotouboua,2016,4,38.0,23.0,15.0
Sotouboua,2016,5,37.0,23.0,14.0
Sotouboua,2016,6,33.0,23.0,10.0
Sotouboua,2016,7,31.0,22.0,9.0
Sotouboua,2016,8,30.0,22.0,8.0
Sotouboua,2016,9,31.0,22.0,9.0
Sotouboua,2016,10,33.0,23.0,10.0
Sotouboua,2016,11,36.0,21.0,15.0
Sotouboua,2016,12,35.0,19.0,16.0
Sotouboua,2017,1,35.0,18.0,17.0
Sotouboua,2017,2,33.0,18.0,15.0
Sotouboua,2017,3,37.0,24.0,13.0
Sotouboua,2017,4,35.0,24.0,11.0
Sotouboua,2017,5,33.0,24.0,9.0
Sotouboua,2017,6,31.0,23.0,8.0
Sotouboua,2017,7,30.0,22.0,8.0
Sotouboua,2017,8,29.0,22.0,7.0
Sotouboua,2017,9,30.0,22.0,8.0
Sotouboua,2017,10,33.0,22.0,11.0
Sotouboua,2017,11,35.0,21.0,14.0
Sotouboua,2017,12,34.0,19.0,15.0
Sotouboua,2018,1,34.0,17.0,17.0
Sotouboua,2018,2,34.0,20.0,14.0
Sotouboua,2018,3,35.0,24.0,11.0
Sotouboua,2018,4,35.0,24.0,11.0
Sotouboua,2018,5,32.0,23.0,9.0
Sotouboua,2018,6,31.0,23.0,8.0
Sotouboua,2018,7,29.0,22.0,7.0
Sotouboua,2018,8,29.0,22.0,7.0
Sotouboua,2018,9,31.0,22.0,9.0
Sotouboua,2018,10,32.0,22.0,10.0
Sotouboua,2018,11,35.0,20.0,15.0
Sotouboua,2018,12,34.0,17.0,17.0
Sotouboua,2019,1,35.0,18.0,17.0
Sotouboua,2019,2,34.0,19.0,15.0
Sotouboua,2019,3,37.0,23.0,14.0
Sotouboua,2019,4,35.0,24.0,11.0
Sotouboua,2019,5,34.0,24.0,10.0
Sotouboua,2019,6,31.0,23.0,8.0
Sotouboua,2019,7,30.0,22.0,8.0
Sotouboua,2019,8,30.0,22.0,8.0
Sotouboua,2019,9,30.0,22.0,8.0
Sotouboua,2019,10,31.0,22.0,9.0
Sotouboua,2019,11,34.0,22.0,12.0
Sotouboua,2019,12,34.0,17.0,17.0
Tabligbo,2013,1,36.0,22.0,14.0
Tabligbo,2013,2,37.0,24.0,13.0
Tabligbo,2013,3,36.0,25.0,11.0
Tabligbo,2013,4,36.0,24.0,12.0
Tabligbo,2013,5,34.0,23.0,11.0
Tabligbo,2013,6,33.0,23.0,10.0
Tabligbo,2013,7,32.0,21.0,11.0
Tabligbo,2013,8,30.0,22.0,8.0
Tabligbo,2013,9,32.0,23.0,9.0
Tabligbo,2013,10,33.0,23.0,10.0
Tabligbo,2013,11,34.0,23.0,11.0
Tabligbo,2013,12,35.0,23.0,12.0
Tabligbo,2014,1,35.0,24.0,11.0
Tabligbo,2014,2,36.0,22.0,14.0
Tabligbo,2014,3,35.0,24.0,11.0
Tabligbo,2014,4,34.0,24.0,10.0
Tabligbo,2014,5,34.0,24.0,10.0
Tabligbo,2014,6,32.0,23.0,9.0
Tabligbo,2014,7,31.0,23.0,8.0
Tabligbo,2014,8,30.0,22.0,8.0
Tabligbo,2014,9,31.0,23.0,8.0
Tabligbo,2014,10,33.0,23.0,10.0
Tabligbo,2014,11,34.0,23.0,11.0
Tabligbo,2014,12,36.0,22.0,14.0
Tabligbo,2015,1,36.0,20.0,16.0
Tabligbo,2015,2,36.0,25.0,11.0
Tabligbo,2015,3,35.0,24.0,11.0
Tabligbo,2015,4,35.0,25.0,10.0
Tabligbo,2015,5,35.0,24.0,11.0
Tabligbo,2015,6,32.0,23.0,9.0
Tabligbo,2015,7,32.0,23.0,9.0
Tabligbo,2015,8,32.0,23.0,9.0
Tabligbo,2015,9,33.0,23.0,10.0
Tabligbo,2015,10,35.0,24.0,11.0
Tabligbo,2015,11,35.0,23.0,12.0
Tabligbo,2015,12,36.0,20.0,16.0
Tabligbo,2016,1,37.0,22.0,15.0
Tabligbo,2016,2,38.0,25.0,13.0
Tabligbo,2016,3,36.0,26.0,10.0
Tabligbo,2016,4,36.0,25.0,11.0
Tabligbo,2016,5,35.0,24.0,11.0
Tabligbo,2016,6,32.0,23.0,9.0
Tabligbo,2016,7,32.0,23.0,9.0
Tabligbo,2016,8,31.0,23.0,8.0
Tabligbo,2016,9,32.0,23.0,9.0
Tabligbo,2016,10,34.0,23.0,11.0
Tabligbo,2016,11,35.0,24.0,11.0
Tabligbo,2016,12,36.0,23.0,13.0
Tabligbo,2017,1,36.0,23.0,13.0
Tabligbo,2017,2,37.0,24.0,13.0
Tabligbo,2017,3,37.0,25.0,12.0
Tabligbo,2017,4,35.0,24.0,11.0
Tabligbo,2017,5,34.0,24.0,10.0
Tabligbo,2017,6,33.0,24.0,9.0
Tabligbo,2017,7,31.0,23.0,8.0
Tabligbo,2017,8,30.0,22.0,8.0
Tabligbo,2017,9,31.0,23.0,8.0
Tabligbo,2017,10,34.0,24.0,10.0
Tabligbo,2017,11,34.0,23.0,11.0
Tabligbo,2017,12,34.0,23.0,11.0
Tabligbo,2018,1,36.0,22.0,14.0
Tabligbo,2018,2,36.0,25.0,11.0
Tabligbo,2018,3,35.0,25.0,10.0
Tabligbo,2018,4,35.0,24.0,11.0
Tabligbo,2018,5,34.0,25.0,9.0
Tabligbo,2018,6,32.0,23.0,9.0
Tabligbo,2018,7,31.0,23.0,8.0
Tabligbo,2018,8,31.0,23.0,8.0
Tabligbo,2018,9,32.0,23.0,9.0
Tabligbo,2018,10,33.0,23.0,10.0
Tabligbo,2018,11,34.0,24.0,10.0
Tabligbo,2018,12,36.0,22.0,14.0
Tabligbo,2019,1,36.0,24.0,12.0
Tabligbo,2019,2,36.0,25.0,11.0
Tabligbo,2019,3,36.0,25.0,11.0
Tabligbo,2019,4,35.0,25.0,10.0
Tabligbo,2019,5,35.0,25.0,10.0
Tabligbo,2019,6,32.0,23.0,9.0
Tabligbo,2019,7,32.0,23.0,9.0
Tabligbo,2019,8,31.0,23.0,8.0
Tabligbo,2019,9,31.0,23.0,8.0
Tabligbo,2019,10,32.0,24.0,8.0
Tabligbo,2019,11,34.0,23.0,11.0
Tabligbo,2019,12,35.0,23.0,12.0
